key	source_catalog	source_label	params	tone	current_orphan_report	mounted_literal_sites	mounted_dynamic_sites	deploy_artifact_refs	go_producer_refs	other_catalog_refs	test_tool_refs	workflow	verdict	evidence_limit
achievement.career_attended_day	copy/catalog/achievements-candidate.json	achievements-candidate	-	achievement	referenced	-	-	achievements@balance/achievements/first-content.json:5	-	-	balance/testdata/first-content/achievements-v1.json:19;balance/testdata/first-content/achievements-v1.json:5	deploy-current achievements	shipped_backend_or_data_only	current data/producer presence does not prove a mounted reader or visible rendering
achievement.career_attended_hour	copy/catalog/achievements-candidate.json	achievements-candidate	-	achievement	referenced	-	-	achievements@balance/achievements/first-content.json:22	-	-	balance/testdata/first-content/achievements-v1.json:22;balance/testdata/first-content/achievements-v1.json:36	deploy-current achievements	shipped_backend_or_data_only	current data/producer presence does not prove a mounted reader or visible rendering
achievement.exit_count_5	copy/catalog/achievements-candidate.json	achievements-candidate	-	achievement	referenced	-	-	achievements@balance/achievements/first-content.json:39	-	-	balance/testdata/first-content/achievements-v1.json:39;balance/testdata/first-content/achievements-v1.json:53	deploy-current achievements	shipped_backend_or_data_only	current data/producer presence does not prove a mounted reader or visible rendering
achievement.first_gate	copy/catalog/achievements-candidate.json	achievements-candidate	-	achievement	referenced	-	-	achievements@balance/achievements/first-content.json:56	-	-	balance/testdata/achievements-catalog-parity-v1.json:12;balance/testdata/achievements-catalog-parity-v1.json:20;balance/testdata/achievements-catalog-parity-v1.json:25;balance/testdata/achievements-catalog-parity-v1.json:7;balance/testdata/first-content/achievements-v1.json:56;balance/testdata/first-content/achievements-v1.json:70;client/test/achievements.test.ts:19;client/test/achievements.test.ts:20;client/test/achievements.test.ts:52;client/test/achievements.test.ts:8;client/test/replay.test.ts:704;server/achievements/catalog_test.go:246;server/achievements/catalog_test.go:249;server/achievements/catalog_test.go:37;server/achievements/catalog_test.go:50;server/achievements/catalog_test.go:51;server/achievements/catalog_test.go:82;server/production/foundations_test.go:573;server/production/foundations_test.go:62;server/replaycatalog/catalog_test.go:83;server/save/intent_test.go:106;server/save/intent_test.go:113	deploy-current achievements	shipped_backend_or_data_only	current data/producer presence does not prove a mounted reader or visible rendering
achievement.gate_burn_t3	copy/catalog/achievements-candidate.json	achievements-candidate	-	achievement	referenced	-	-	achievements@balance/achievements/first-content.json:73	-	-	balance/testdata/first-content/achievements-v1.json:73;balance/testdata/first-content/achievements-v1.json:87	deploy-current achievements	shipped_backend_or_data_only	current data/producer presence does not prove a mounted reader or visible rendering
achievement.generators_owned_100	copy/catalog/achievements-candidate.json	achievements-candidate	-	achievement	referenced	-	-	achievements@balance/achievements/first-content.json:90	-	-	balance/testdata/first-content/achievements-v1.json:102;balance/testdata/first-content/achievements-v1.json:90	deploy-current achievements	shipped_backend_or_data_only	current data/producer presence does not prove a mounted reader or visible rendering
achievement.generators_owned_300	copy/catalog/achievements-candidate.json	achievements-candidate	-	achievement	referenced	-	-	achievements@balance/achievements/first-content.json:105	-	-	balance/testdata/first-content/achievements-v1.json:105;balance/testdata/first-content/achievements-v1.json:117	deploy-current achievements	shipped_backend_or_data_only	current data/producer presence does not prove a mounted reader or visible rendering
achievement.generators_purchased_1	copy/catalog/achievements-candidate.json	achievements-candidate	-	achievement	referenced	-	-	achievements@balance/achievements/first-content.json:120	-	-	balance/testdata/first-content/achievements-v1.json:120;balance/testdata/first-content/achievements-v1.json:134;client/src/ui/FixtureHost.svelte:29	deploy-current achievements	shipped_backend_or_data_only	current data/producer presence does not prove a mounted reader or visible rendering
achievement.generators_purchased_25	copy/catalog/achievements-candidate.json	achievements-candidate	-	achievement	referenced	-	-	achievements@balance/achievements/first-content.json:137	-	-	balance/testdata/first-content/achievements-v1.json:137;balance/testdata/first-content/achievements-v1.json:151	deploy-current achievements	shipped_backend_or_data_only	current data/producer presence does not prove a mounted reader or visible rendering
achievement.generators_purchased_25_tier_3	copy/catalog/achievements-candidate.json	achievements-candidate	-	achievement	referenced	-	-	achievements@balance/achievements/first-content.json:154	-	-	balance/testdata/first-content/achievements-v1.json:154;balance/testdata/first-content/achievements-v1.json:179	deploy-current achievements	shipped_backend_or_data_only	current data/producer presence does not prove a mounted reader or visible rendering
achievement.old_hand	copy/catalog/achievements-candidate.json	achievements-candidate	-	achievement	referenced	-	-	achievements@balance/achievements/first-content.json:182	-	-	balance/testdata/first-content/achievements-v1.json:182;balance/testdata/first-content/achievements-v1.json:196;server/production/foundations_test.go:62	deploy-current achievements	shipped_backend_or_data_only	current data/producer presence does not prove a mounted reader or visible rendering
achievement.possession_warning	copy/catalog/achievements-candidate.json	achievements-candidate	-	achievement	referenced	-	-	achievements@balance/achievements/first-content.json:99	-	-	balance/testdata/achievements-catalog-parity-v1.json:18;balance/testdata/achievements-catalog-parity-v1.json:25;balance/testdata/first-content/achievements-v1.json:114;balance/testdata/first-content/achievements-v1.json:99;client/test/achievements.test.ts:20;client/test/achievements.test.ts:60;client/test/achievements.test.ts:8;server/achievements/catalog_test.go:37;server/achievements/catalog_test.go:51;server/achievements/catalog_test.go:98	deploy-current achievements	shipped_backend_or_data_only	current data/producer presence does not prove a mounted reader or visible rendering
achievement.tier_5	copy/catalog/achievements-candidate.json	achievements-candidate	-	achievement	referenced	-	-	achievements@balance/achievements/first-content.json:199	-	-	balance/testdata/first-content/achievements-v1.json:199;balance/testdata/first-content/achievements-v1.json:213	deploy-current achievements	shipped_backend_or_data_only	current data/producer presence does not prove a mounted reader or visible rendering
cap.minigame_faucet	copy/catalog/phase0.json	phase0	-	corporate	orphan	-	-	-	-	unregistered-current:minigames@balance/minigames/first-content.json:32	-	deploy-current minigames	shipped_backend_or_data_only	current data/producer presence does not prove a mounted reader or visible rendering
cap.pitch_exponent	copy/catalog/phase0.json	phase0	-	corporate	orphan	-	-	-	-	unregistered-current:pitch@balance/pitch.json:16	balance/testdata/pitch-v1.json:16	deploy-current pitch	shipped_backend_or_data_only	current data/producer presence does not prove a mounted reader or visible rendering
cap.pitch_hack_slots	copy/catalog/phase0.json	phase0	-	corporate	orphan	-	-	-	-	unregistered-current:pitch@balance/pitch.json:14	balance/testdata/pitch-v1.json:14	deploy-current pitch	shipped_backend_or_data_only	current data/producer presence does not prove a mounted reader or visible rendering
cap.pitch_hand	copy/catalog/phase0.json	phase0	-	corporate	orphan	-	-	-	-	unregistered-current:pitch@balance/pitch.json:11	balance/testdata/pitch-v1.json:11	deploy-current pitch	shipped_backend_or_data_only	current data/producer presence does not prove a mounted reader or visible rendering
cap.pitch_hands	copy/catalog/phase0.json	phase0	-	corporate	orphan	-	-	-	-	unregistered-current:pitch@balance/pitch.json:13	balance/testdata/pitch-v1.json:13	deploy-current pitch	shipped_backend_or_data_only	current data/producer presence does not prove a mounted reader or visible rendering
cap.pitch_play	copy/catalog/phase0.json	phase0	-	corporate	orphan	-	-	-	-	unregistered-current:pitch@balance/pitch.json:12	balance/testdata/pitch-v1.json:12	deploy-current pitch	shipped_backend_or_data_only	current data/producer presence does not prove a mounted reader or visible rendering
cap.pitch_rounds	copy/catalog/phase0.json	phase0	-	corporate	orphan	-	-	-	-	unregistered-current:pitch@balance/pitch.json:15	balance/testdata/pitch-v1.json:15	deploy-current pitch	shipped_backend_or_data_only	current data/producer presence does not prove a mounted reader or visible rendering
category.any_percent	copy/catalog/phase0.json	phase0	-	corporate	referenced	-	bounded category map@client/src/game-ui/GameUIApp.svelte:180	categories@balance/categories/phase0.json:11	-	unregistered-current:soul@balance/soul/first-content.json:14	balance/testdata/epoch5/categories.json:11;balance/testdata/first-content/categories-v1.json:11;balance/testdata/first-content/soul-v1.json:14;balance/testdata/t0-t1/categories-v1.json:11;client/src/ui/FixtureHost.svelte:26;client/test/replay.test.ts:471;client/test/soul-catalog.test.ts:12;client/test/soul-catalog.test.ts:5;server/leaderboard/categories_test.go:52;server/leaderboard/categories_test.go:60;server/production/foundations_test.go:191;server/production/foundations_test.go:591;server/production/foundations_test.go:62;server/production/replay_cross_runtime_test.go:1657;server/replaycatalog/catalog_test.go:227;server/replaycatalog/catalog_test.go:83;server/save/intent_test.go:68;server/soul/catalog_test.go:20;server/soul/catalog_test.go:38	category title binding	mounted_player_copy	static bounded path at 190a4fa; not a browser interaction-frequency claim
category.ethical_percent	copy/catalog/phase0.json	phase0	-	corporate	referenced	-	bounded category map@client/src/game-ui/GameUIApp.svelte:180	categories@balance/categories/phase0.json:29	-	unregistered-current:soul@balance/soul/first-content.json:12	balance/testdata/epoch5/categories.json:29;balance/testdata/first-content/categories-v1.json:29;balance/testdata/first-content/soul-v1.json:12;balance/testdata/t0-t1/categories-v1.json:29;client/test/replay.test.ts:469;client/test/soul-catalog.test.ts:10;client/test/soul-catalog.test.ts:5;server/production/foundations_test.go:191;server/replaycatalog/catalog_test.go:227;server/soul/catalog_test.go:18;server/soul/catalog_test.go:38	category title binding	shipped_backend_or_data_only	bounded client map exists, but current Game UI projector hardcodes any_percent; catalog/fixture presence is not a live selector
category.hundred_percent	copy/catalog/phase0.json	phase0	-	corporate	referenced	-	bounded category map@client/src/game-ui/GameUIApp.svelte:180	categories@balance/categories/phase0.json:17	-	unregistered-current:soul@balance/soul/first-content.json:13	balance/testdata/epoch5/categories.json:17;balance/testdata/first-content/categories-v1.json:17;balance/testdata/first-content/soul-v1.json:13;balance/testdata/t0-t1/categories-v1.json:17;client/src/ui/FixtureHost.svelte:31;client/test/replay.test.ts:470;client/test/soul-catalog.test.ts:11;client/test/soul-catalog.test.ts:5;server/production/foundations_test.go:191;server/replaycatalog/catalog_test.go:227;server/soul/catalog_test.go:19;server/soul/catalog_test.go:38	category title binding	shipped_backend_or_data_only	bounded client map exists, but current Game UI projector hardcodes any_percent; catalog/fixture presence is not a live selector
category.low_percent	copy/catalog/phase0.json	phase0	-	corporate	referenced	-	bounded category map@client/src/game-ui/GameUIApp.svelte:180	categories@balance/categories/phase0.json:35	-	unregistered-current:soul@balance/soul/first-content.json:11	balance/testdata/epoch5/categories.json:35;balance/testdata/first-content/categories-v1.json:35;balance/testdata/first-content/soul-v1.json:11;balance/testdata/t0-t1/categories-v1.json:35;client/test/replay.test.ts:468;client/test/soul-catalog.test.ts:5;client/test/soul-catalog.test.ts:9;server/production/foundations_test.go:191;server/replaycatalog/catalog_test.go:227;server/save/intent_test.go:64;server/soul/catalog_test.go:17;server/soul/catalog_test.go:38	category title binding	shipped_backend_or_data_only	bounded client map exists, but current Game UI projector hardcodes any_percent; catalog/fixture presence is not a live selector
category.valuation	copy/catalog/phase0.json	phase0	-	corporate	referenced	-	bounded category map@client/src/game-ui/GameUIApp.svelte:180	categories@balance/categories/phase0.json:45	-	-	balance/testdata/epoch5/categories.json:45;balance/testdata/first-content/categories-v1.json:45;balance/testdata/t0-t1/categories-v1.json:45;client/src/ui/FixtureHost.svelte:25;client/test/soul-catalog.test.ts:13;client/test/soul-catalog.test.ts:5;server/gameserver/minigame_api_integration_test.go:516;server/save/intent_test.go:63;server/soul/catalog_test.go:22;server/soul/catalog_test.go:38	category title binding	shipped_backend_or_data_only	bounded client map exists, but current Game UI projector hardcodes any_percent; catalog/fixture presence is not a live selector
chrome.run_title.company_fallback	copy/catalog/game-ui-candidate.json	game-ui-candidate	-	corporate	orphan	client/src/game-ui/GameUIApp.svelte:211	-	-	-	-	-	Game UI/Desk	mounted_player_copy	static bounded path at 190a4fa; not a browser interaction-frequency claim
chrome.run_title.pb_empty	copy/catalog/game-ui-candidate.json	game-ui-candidate	-	corporate	orphan	client/src/game-ui/GameUIApp.svelte:213;client/src/game-ui/GameUIApp.svelte:241	-	-	-	-	-	Game UI/Desk	mounted_player_copy	static bounded path at 190a4fa; not a browser interaction-frequency claim
chrome.run_title.pb_label	copy/catalog/game-ui-candidate.json	game-ui-candidate	-	corporate	orphan	-	-	-	-	-	-	none discovered	unreferenced_candidate	no bounded exact reference found; deletion still requires successor diff review and dynamic-grammar guard
chrome.run_title.rta_label	copy/catalog/game-ui-candidate.json	game-ui-candidate	-	corporate	orphan	-	-	-	-	-	-	none discovered	unreferenced_candidate	no bounded exact reference found; deletion still requires successor diff review and dynamic-grammar guard
chrome.run_title.tier_frame	copy/catalog/game-ui-candidate.json	game-ui-candidate	tier:integer	corporate	orphan	client/src/game-ui/GameUIApp.svelte:214	-	-	-	-	-	Game UI/Desk	mounted_player_copy	static bounded path at 190a4fa; not a browser interaction-frequency claim
chrome.splits.first_attempt_note	copy/catalog/game-ui-candidate.json	game-ui-candidate	-	diegetic	orphan	client/src/game-ui/GameUIApp.svelte:293	-	-	-	-	-	Game UI/Desk	mounted_player_copy	static bounded path at 190a4fa; not a browser interaction-frequency claim
chrome.splits.label	copy/catalog/game-ui-candidate.json	game-ui-candidate	-	corporate	orphan	client/src/game-ui/GameUIApp.svelte:293	-	-	-	-	-	Game UI/Desk	mounted_player_copy	static bounded path at 190a4fa; not a browser interaction-frequency claim
chrome.visitor_counter.frame	copy/catalog/game-ui-candidate.json	game-ui-candidate	count:integer	diegetic	orphan	client/src/game-ui/GameUIApp.svelte:220	-	-	-	-	-	Game UI/Desk	mounted_player_copy	static bounded path at 190a4fa; not a browser interaction-frequency claim
chrome.visitor_counter.tooltip	copy/catalog/game-ui-candidate.json	game-ui-candidate	-	diegetic	orphan	client/src/game-ui/GameUIApp.svelte:220	-	-	-	-	-	Game UI/Desk	mounted_player_copy	static bounded path at 190a4fa; not a browser interaction-frequency claim
compact.recruitment.mid_t3	copy/catalog/phase0.json	phase0	-	corporate	referenced	-	-	-	OfferRecruitment@server/commonsprojection/projector.go:655	-	server/save/intent_test.go:172	backend event/receipt only	shipped_backend_or_data_only	current data/producer presence does not prove a mounted reader or visible rendering
cosmetic.horse_armor_free.description	copy/catalog/game-ui-candidate.json	game-ui-candidate	price:string	diegetic	orphan	client/src/game-ui/GameUIApp.svelte:296	-	-	-	presentation:client/src/game-ui/presentation.generated.json:33	balance/testdata/t0-t1/presentation-v1.json:33;balance/testdata/t0-t1/presentation-v2.json:33;balance/testdata/t0-t1/presentation-v3.json:33	Game UI/Desk	mounted_player_copy	static bounded path at 190a4fa; not a browser interaction-frequency claim
cosmetic.horse_armor_free.disclosure	copy/catalog/game-ui-candidate.json	game-ui-candidate	-	diegetic	orphan	client/src/game-ui/GameUIApp.svelte:296	-	-	-	presentation:client/src/game-ui/presentation.generated.json:34	balance/testdata/t0-t1/presentation-v1.json:34;balance/testdata/t0-t1/presentation-v2.json:34;balance/testdata/t0-t1/presentation-v3.json:34	Game UI/Desk	mounted_player_copy	static bounded path at 190a4fa; not a browser interaction-frequency claim
cosmetic.horse_armor_free.title	copy/catalog/game-ui-candidate.json	game-ui-candidate	-	diegetic	orphan	client/src/game-ui/GameUIApp.svelte:296	-	-	-	presentation:client/src/game-ui/presentation.generated.json:32	balance/testdata/t0-t1/presentation-v1.json:32;balance/testdata/t0-t1/presentation-v2.json:32;balance/testdata/t0-t1/presentation-v3.json:32	Game UI/Desk	mounted_player_copy	static bounded path at 190a4fa; not a browser interaction-frequency claim
curriculum.first_failure.acquihire.body	copy/catalog/game-ui-candidate.json	game-ui-candidate	-	diegetic	orphan	-	Run End bounded branch map@client/src/game-ui/RunEndSurface.svelte:24	-	-	unregistered-current:curriculum@balance/curriculum/t0-t1.json:24	balance/testdata/t0-t1/curriculum-v2.json:24	Run End	mounted_player_copy	static bounded path at 190a4fa; not a browser interaction-frequency claim
curriculum.first_failure.acquihire.title	copy/catalog/game-ui-candidate.json	game-ui-candidate	-	diegetic	orphan	-	Run End bounded branch map@client/src/game-ui/RunEndSurface.svelte:23	-	-	unregistered-current:curriculum@balance/curriculum/t0-t1.json:23	balance/testdata/t0-t1/curriculum-v2.json:23	Run End	mounted_player_copy	static bounded path at 190a4fa; not a browser interaction-frequency claim
curriculum.first_failure.burnout.body	copy/catalog/game-ui-candidate.json	game-ui-candidate	-	diegetic	orphan	-	Run End bounded branch map@client/src/game-ui/RunEndSurface.svelte:28	-	-	unregistered-current:curriculum@balance/curriculum/t0-t1.json:36	balance/testdata/t0-t1/curriculum-v2.json:36	Run End	mounted_player_copy	static bounded path at 190a4fa; not a browser interaction-frequency claim
curriculum.first_failure.burnout.title	copy/catalog/game-ui-candidate.json	game-ui-candidate	-	diegetic	orphan	-	Run End bounded branch map@client/src/game-ui/RunEndSurface.svelte:27	-	-	unregistered-current:curriculum@balance/curriculum/t0-t1.json:35	balance/testdata/t0-t1/curriculum-v2.json:35	Run End	mounted_player_copy	static bounded path at 190a4fa; not a browser interaction-frequency claim
curriculum.first_failure.pivot.body	copy/catalog/game-ui-candidate.json	game-ui-candidate	-	diegetic	orphan	-	Run End bounded branch map@client/src/game-ui/RunEndSurface.svelte:32	-	-	unregistered-current:curriculum@balance/curriculum/t0-t1.json:46	balance/testdata/t0-t1/curriculum-v2.json:46	Run End	mounted_player_copy	static bounded path at 190a4fa; not a browser interaction-frequency claim
curriculum.first_failure.pivot.title	copy/catalog/game-ui-candidate.json	game-ui-candidate	-	diegetic	orphan	-	Run End bounded branch map@client/src/game-ui/RunEndSurface.svelte:31	-	-	unregistered-current:curriculum@balance/curriculum/t0-t1.json:45	balance/testdata/t0-t1/curriculum-v2.json:45	Run End	mounted_player_copy	static bounded path at 190a4fa; not a browser interaction-frequency claim
curriculum.scripted_first_failure.body	copy/catalog/game-ui-candidate.json	game-ui-candidate	-	diegetic	orphan	-	Run End default branch@client/src/game-ui/RunEndSurface.svelte:35	-	-	-	balance/testdata/t0-t1/curriculum-v1.json:21	Run End	mounted_player_copy	static bounded path at 190a4fa; not a browser interaction-frequency claim
curriculum.scripted_first_failure.next_run	copy/catalog/game-ui-candidate.json	game-ui-candidate	-	diegetic	orphan	client/src/game-ui/RunEndSurface.svelte:52	-	-	-	unregistered-current:curriculum@balance/curriculum/t0-t1.json:11	balance/testdata/t0-t1/curriculum-v1.json:22;balance/testdata/t0-t1/curriculum-v2.json:11	Run End	mounted_player_copy	static bounded path at 190a4fa; not a browser interaction-frequency claim
curriculum.scripted_first_failure.title	copy/catalog/game-ui-candidate.json	game-ui-candidate	-	diegetic	orphan	-	Run End default branch@client/src/game-ui/RunEndSurface.svelte:35	-	-	-	balance/testdata/t0-t1/curriculum-v1.json:20	Run End	mounted_player_copy	static bounded path at 190a4fa; not a browser interaction-frequency claim
desk.buy_max	copy/catalog/game-ui-candidate.json	game-ui-candidate	-	corporate	orphan	client/src/game-ui/GameUIApp.svelte:276	-	-	-	-	-	Game UI/Desk	mounted_player_copy	static bounded path at 190a4fa; not a browser interaction-frequency claim
desk.buy_one	copy/catalog/game-ui-candidate.json	game-ui-candidate	-	corporate	orphan	client/src/game-ui/GameUIApp.svelte:276;client/src/game-ui/GameUIApp.svelte:287	-	-	-	-	-	Game UI/Desk	mounted_player_copy	static bounded path at 190a4fa; not a browser interaction-frequency claim
desk.capped_label	copy/catalog/game-ui-candidate.json	game-ui-candidate	-	corporate	orphan	client/src/game-ui/GameUIApp.svelte:259	-	-	-	-	-	Game UI/Desk	mounted_player_copy	static bounded path at 190a4fa; not a browser interaction-frequency claim
desk.generators_label	copy/catalog/game-ui-candidate.json	game-ui-candidate	-	diegetic	orphan	client/src/game-ui/GameUIApp.svelte:268	-	-	-	-	-	Game UI/Desk	mounted_player_copy	static bounded path at 190a4fa; not a browser interaction-frequency claim
desk.manual.meter_frame	copy/catalog/game-ui-candidate.json	game-ui-candidate	cap:integer,current:integer	corporate	orphan	client/src/game-ui/GameUIApp.svelte:254	-	-	-	-	-	Game UI/Desk	mounted_player_copy	static bounded path at 190a4fa; not a browser interaction-frequency claim
desk.manual.meter_label	copy/catalog/game-ui-candidate.json	game-ui-candidate	-	diegetic	orphan	client/src/game-ui/GameUIApp.svelte:253	-	-	-	-	-	Game UI/Desk	mounted_player_copy	static bounded path at 190a4fa; not a browser interaction-frequency claim
desk.manual.meter_tooltip	copy/catalog/game-ui-candidate.json	game-ui-candidate	-	diegetic	orphan	client/src/game-ui/GameUIApp.svelte:255	-	-	-	-	-	Game UI/Desk	mounted_player_copy	static bounded path at 190a4fa; not a browser interaction-frequency claim
desk.owned_frame	copy/catalog/game-ui-candidate.json	game-ui-candidate	count:integer	corporate	orphan	client/src/game-ui/GameUIApp.svelte:274	-	-	-	-	-	Game UI/Desk	mounted_player_copy	static bounded path at 190a4fa; not a browser interaction-frequency claim
desk.rate_frame	copy/catalog/game-ui-candidate.json	game-ui-candidate	rate:string	corporate	orphan	client/src/game-ui/GameUIApp.svelte:262;client/src/game-ui/GameUIApp.svelte:274	-	-	-	-	-	Game UI/Desk	mounted_player_copy	static bounded path at 190a4fa; not a browser interaction-frequency claim
desk.upgrades_label	copy/catalog/game-ui-candidate.json	game-ui-candidate	-	corporate	orphan	client/src/game-ui/GameUIApp.svelte:283	-	-	-	-	-	Game UI/Desk	mounted_player_copy	static bounded path at 190a4fa; not a browser interaction-frequency claim
event.exit_offer_declined	copy/catalog/game-ui-candidate.json	game-ui-candidate	run_seq:integer	corporate	orphan	-	-	-	-	-	balance/testdata/t0-t1/event-copy-v1.json:4;balance/testdata/t0-t1/event-copy-v2.json:4	test/fixture/tool	fixture_or_tool_only	test/tool selection is not production reachability
event.exit_offer_expired	copy/catalog/game-ui-candidate.json	game-ui-candidate	-	corporate	orphan	-	-	-	-	-	balance/testdata/t0-t1/event-copy-v1.json:5;balance/testdata/t0-t1/event-copy-v2.json:5	test/fixture/tool	fixture_or_tool_only	test/tool selection is not production reachability
event.exit_offer_resolved	copy/catalog/game-ui-candidate.json	game-ui-candidate	-	corporate	orphan	-	-	-	-	-	balance/testdata/t0-t1/event-copy-v2.json:6	test/fixture/tool	fixture_or_tool_only	test/tool selection is not production reachability
event.exit_offer_spawned	copy/catalog/game-ui-candidate.json	game-ui-candidate	exit_type:string,expires_at_ms:integer	corporate	orphan	-	-	-	-	-	balance/testdata/t0-t1/event-copy-v1.json:6;balance/testdata/t0-t1/event-copy-v2.json:7	test/fixture/tool	fixture_or_tool_only	test/tool selection is not production reachability
event.gate_crossed	copy/catalog/game-ui-candidate.json	game-ui-candidate	gate_id:string	corporate	orphan	-	-	-	-	-	balance/testdata/t0-t1/event-copy-v1.json:7;balance/testdata/t0-t1/event-copy-v2.json:8	test/fixture/tool	fixture_or_tool_only	test/tool selection is not production reachability
event.generator_purchased	copy/catalog/game-ui-candidate.json	game-ui-candidate	cost:canonical_decimal,count:integer,generator_id:string	corporate	orphan	-	-	-	-	-	balance/testdata/t0-t1/event-copy-v1.json:8;balance/testdata/t0-t1/event-copy-v2.json:9	test/fixture/tool	fixture_or_tool_only	test/tool selection is not production reachability
event.run_ended	copy/catalog/game-ui-candidate.json	game-ui-candidate	attended_ms:integer,exit_type:string,tier:integer	corporate	orphan	-	-	-	-	-	balance/testdata/t0-t1/event-copy-v1.json:9;balance/testdata/t0-t1/event-copy-v2.json:10	test/fixture/tool	fixture_or_tool_only	test/tool selection is not production reachability
event.upgrade_purchased	copy/catalog/game-ui-candidate.json	game-ui-candidate	cost:canonical_decimal,upgrade_id:string	corporate	orphan	-	-	-	-	-	balance/testdata/t0-t1/event-copy-v1.json:10;balance/testdata/t0-t1/event-copy-v2.json:11	test/fixture/tool	fixture_or_tool_only	test/tool selection is not production reachability
exit_type.acquihire.title	copy/catalog/game-ui-candidate.json	game-ui-candidate	-	corporate	orphan	-	Offer/Run End exit binding@client/src/game-ui/GameUIApp.svelte:186	-	-	presentation:client/src/game-ui/presentation.generated.json:43	balance/testdata/t0-t1/presentation-v2.json:43;balance/testdata/t0-t1/presentation-v3.json:43	Run End	mounted_player_copy	static bounded path at 190a4fa; not a browser interaction-frequency claim
exit_type.acquisition.title	copy/catalog/game-ui-candidate.json	game-ui-candidate	-	corporate	orphan	-	Offer/Run End exit binding@client/src/game-ui/GameUIApp.svelte:186	-	-	presentation:client/src/game-ui/presentation.generated.json:44	balance/testdata/t0-t1/presentation-v2.json:44;balance/testdata/t0-t1/presentation-v3.json:44	Run End	mounted_player_copy	static bounded path at 190a4fa; not a browser interaction-frequency claim
exit_type.collapse.title	copy/catalog/game-ui-candidate.json	game-ui-candidate	-	corporate	orphan	-	Offer/Run End exit binding@client/src/game-ui/GameUIApp.svelte:186	-	-	presentation:client/src/game-ui/presentation.generated.json:45	balance/testdata/t0-t1/presentation-v2.json:45;balance/testdata/t0-t1/presentation-v3.json:45	Run End	mounted_player_copy	static bounded path at 190a4fa; not a browser interaction-frequency claim
exit_type.ipo.title	copy/catalog/game-ui-candidate.json	game-ui-candidate	-	corporate	orphan	-	Offer/Run End exit binding@client/src/game-ui/GameUIApp.svelte:186	-	-	presentation:client/src/game-ui/presentation.generated.json:46	balance/testdata/t0-t1/presentation-v2.json:46;balance/testdata/t0-t1/presentation-v3.json:46	Run End	mounted_player_copy	static bounded path at 190a4fa; not a browser interaction-frequency claim
exit_type.scripted_first.title	copy/catalog/game-ui-candidate.json	game-ui-candidate	-	corporate	orphan	-	Offer/Run End exit binding@client/src/game-ui/GameUIApp.svelte:186	-	-	presentation:client/src/game-ui/presentation.generated.json:47	balance/testdata/t0-t1/presentation-v2.json:47;balance/testdata/t0-t1/presentation-v3.json:47	Run End	mounted_player_copy	static bounded path at 190a4fa; not a browser interaction-frequency claim
gate.t0_to_t1.title	copy/catalog/game-ui-candidate.json	game-ui-candidate	-	diegetic	orphan	-	Desk split binding@client/src/game-ui/GameUIApp.svelte:293	-	-	presentation:client/src/game-ui/presentation.generated.json:40	balance/testdata/t0-t1/presentation-v2.json:40;balance/testdata/t0-t1/presentation-v3.json:40	Game UI/Desk	mounted_player_copy	static bounded path at 190a4fa; not a browser interaction-frequency claim
generator.answering_machine.description	copy/catalog/game-ui-candidate.json	game-ui-candidate	-	diegetic	orphan	-	Desk generator binding@client/src/game-ui/GameUIApp.svelte:273	-	-	presentation:client/src/game-ui/presentation.generated.json:4	balance/testdata/t0-t1/presentation-v1.json:4;balance/testdata/t0-t1/presentation-v2.json:4;balance/testdata/t0-t1/presentation-v3.json:4	Game UI/Desk	mounted_player_copy	static bounded path at 190a4fa; not a browser interaction-frequency claim
generator.answering_machine.title	copy/catalog/game-ui-candidate.json	game-ui-candidate	-	diegetic	orphan	-	Desk generator binding@client/src/game-ui/GameUIApp.svelte:273	-	-	presentation:client/src/game-ui/presentation.generated.json:4	balance/testdata/t0-t1/presentation-v1.json:4;balance/testdata/t0-t1/presentation-v2.json:4;balance/testdata/t0-t1/presentation-v3.json:4	Game UI/Desk	mounted_player_copy	static bounded path at 190a4fa; not a browser interaction-frequency claim
generator.beige_tower.description	copy/catalog/game-ui-candidate.json	game-ui-candidate	-	diegetic	orphan	-	Desk generator binding@client/src/game-ui/GameUIApp.svelte:273	-	-	presentation:client/src/game-ui/presentation.generated.json:5	balance/testdata/t0-t1/presentation-v1.json:5;balance/testdata/t0-t1/presentation-v2.json:5;balance/testdata/t0-t1/presentation-v3.json:5	Game UI/Desk	mounted_player_copy	static bounded path at 190a4fa; not a browser interaction-frequency claim
generator.beige_tower.provisioned_cap	copy/catalog/game-ui-candidate.json	game-ui-candidate	-	diegetic	referenced	-	-	economy@balance/catalogs/phase0.json:28	-	presentation:client/src/game-ui/presentation.generated.json:5	balance/testdata/t0-t1/economy-v4.json:28;balance/testdata/t0-t1/presentation-v1.json:5;balance/testdata/t0-t1/presentation-v2.json:5;balance/testdata/t0-t1/presentation-v3.json:5	deploy-current economy	shipped_backend_or_data_only	current data/producer presence does not prove a mounted reader or visible rendering
generator.beige_tower.title	copy/catalog/game-ui-candidate.json	game-ui-candidate	-	diegetic	orphan	-	Desk generator binding@client/src/game-ui/GameUIApp.svelte:273	-	-	presentation:client/src/game-ui/presentation.generated.json:5	balance/testdata/t0-t1/presentation-v1.json:5;balance/testdata/t0-t1/presentation-v2.json:5;balance/testdata/t0-t1/presentation-v3.json:5	Game UI/Desk	mounted_player_copy	static bounded path at 190a4fa; not a browser interaction-frequency claim
generator.beige_tower_v2.description	copy/catalog/game-ui-candidate.json	game-ui-candidate	-	diegetic	orphan	-	Desk generator binding@client/src/game-ui/GameUIApp.svelte:273	-	-	presentation:client/src/game-ui/presentation.generated.json:6	balance/testdata/t0-t1/presentation-v1.json:6;balance/testdata/t0-t1/presentation-v2.json:6;balance/testdata/t0-t1/presentation-v3.json:6	Game UI/Desk	mounted_player_copy	static bounded path at 190a4fa; not a browser interaction-frequency claim
generator.beige_tower_v2.title	copy/catalog/game-ui-candidate.json	game-ui-candidate	-	diegetic	orphan	-	Desk generator binding@client/src/game-ui/GameUIApp.svelte:273	-	-	presentation:client/src/game-ui/presentation.generated.json:6	balance/testdata/t0-t1/presentation-v1.json:6;balance/testdata/t0-t1/presentation-v2.json:6;balance/testdata/t0-t1/presentation-v3.json:6	Game UI/Desk	mounted_player_copy	static bounded path at 190a4fa; not a browser interaction-frequency claim
generator.crt_wall.description	copy/catalog/game-ui-candidate.json	game-ui-candidate	-	diegetic	orphan	-	Desk generator binding@client/src/game-ui/GameUIApp.svelte:273	-	-	presentation:client/src/game-ui/presentation.generated.json:7	balance/testdata/t0-t1/presentation-v1.json:7;balance/testdata/t0-t1/presentation-v2.json:7;balance/testdata/t0-t1/presentation-v3.json:7	Game UI/Desk	mounted_player_copy	static bounded path at 190a4fa; not a browser interaction-frequency claim
generator.crt_wall.title	copy/catalog/game-ui-candidate.json	game-ui-candidate	-	diegetic	orphan	-	Desk generator binding@client/src/game-ui/GameUIApp.svelte:273	-	-	presentation:client/src/game-ui/presentation.generated.json:7	balance/testdata/t0-t1/presentation-v1.json:7;balance/testdata/t0-t1/presentation-v2.json:7;balance/testdata/t0-t1/presentation-v3.json:7	Game UI/Desk	mounted_player_copy	static bounded path at 190a4fa; not a browser interaction-frequency claim
generator.dot_matrix_queue.description	copy/catalog/game-ui-candidate.json	game-ui-candidate	-	diegetic	orphan	-	Desk generator binding@client/src/game-ui/GameUIApp.svelte:273	-	-	presentation:client/src/game-ui/presentation.generated.json:8	balance/testdata/t0-t1/presentation-v1.json:8;balance/testdata/t0-t1/presentation-v2.json:8;balance/testdata/t0-t1/presentation-v3.json:8	Game UI/Desk	mounted_player_copy	static bounded path at 190a4fa; not a browser interaction-frequency claim
generator.dot_matrix_queue.title	copy/catalog/game-ui-candidate.json	game-ui-candidate	-	diegetic	orphan	-	Desk generator binding@client/src/game-ui/GameUIApp.svelte:273	-	-	presentation:client/src/game-ui/presentation.generated.json:8	balance/testdata/t0-t1/presentation-v1.json:8;balance/testdata/t0-t1/presentation-v2.json:8;balance/testdata/t0-t1/presentation-v3.json:8	Game UI/Desk	mounted_player_copy	static bounded path at 190a4fa; not a browser interaction-frequency claim
generator.first_hire.description	copy/catalog/game-ui-candidate.json	game-ui-candidate	-	diegetic	orphan	-	Desk generator binding@client/src/game-ui/GameUIApp.svelte:273	-	-	presentation:client/src/game-ui/presentation.generated.json:9	balance/testdata/t0-t1/presentation-v1.json:9;balance/testdata/t0-t1/presentation-v2.json:9;balance/testdata/t0-t1/presentation-v3.json:9	Game UI/Desk	mounted_player_copy	static bounded path at 190a4fa; not a browser interaction-frequency claim
generator.first_hire.title	copy/catalog/game-ui-candidate.json	game-ui-candidate	-	diegetic	orphan	-	Desk generator binding@client/src/game-ui/GameUIApp.svelte:273	-	-	presentation:client/src/game-ui/presentation.generated.json:9	balance/testdata/t0-t1/presentation-v1.json:9;balance/testdata/t0-t1/presentation-v2.json:9;balance/testdata/t0-t1/presentation-v3.json:9	Game UI/Desk	mounted_player_copy	static bounded path at 190a4fa; not a browser interaction-frequency claim
generator.garage_rack.description	copy/catalog/game-ui-candidate.json	game-ui-candidate	-	diegetic	orphan	-	Desk generator binding@client/src/game-ui/GameUIApp.svelte:273	-	-	presentation:client/src/game-ui/presentation.generated.json:10	balance/testdata/t0-t1/presentation-v1.json:10;balance/testdata/t0-t1/presentation-v2.json:10;balance/testdata/t0-t1/presentation-v3.json:10	Game UI/Desk	mounted_player_copy	static bounded path at 190a4fa; not a browser interaction-frequency claim
generator.garage_rack.title	copy/catalog/game-ui-candidate.json	game-ui-candidate	-	diegetic	orphan	-	Desk generator binding@client/src/game-ui/GameUIApp.svelte:273	-	-	presentation:client/src/game-ui/presentation.generated.json:10	balance/testdata/t0-t1/presentation-v1.json:10;balance/testdata/t0-t1/presentation-v2.json:10;balance/testdata/t0-t1/presentation-v3.json:10	Game UI/Desk	mounted_player_copy	static bounded path at 190a4fa; not a browser interaction-frequency claim
generator.legal_dept.description	copy/catalog/game-ui-candidate.json	game-ui-candidate	-	corporate	orphan	-	Desk generator binding@client/src/game-ui/GameUIApp.svelte:273	-	-	presentation:client/src/game-ui/presentation.generated.json:11	balance/testdata/t0-t1/presentation-v1.json:11;balance/testdata/t0-t1/presentation-v2.json:11;balance/testdata/t0-t1/presentation-v3.json:11	Game UI/Desk	mounted_player_copy	static bounded path at 190a4fa; not a browser interaction-frequency claim
generator.legal_dept.title	copy/catalog/game-ui-candidate.json	game-ui-candidate	-	corporate	orphan	-	Desk generator binding@client/src/game-ui/GameUIApp.svelte:273	-	-	presentation:client/src/game-ui/presentation.generated.json:11	balance/testdata/t0-t1/presentation-v1.json:11;balance/testdata/t0-t1/presentation-v2.json:11;balance/testdata/t0-t1/presentation-v3.json:11	Game UI/Desk	mounted_player_copy	static bounded path at 190a4fa; not a browser interaction-frequency claim
generator.nephew_intern.description	copy/catalog/game-ui-candidate.json	game-ui-candidate	-	diegetic	orphan	-	Desk generator binding@client/src/game-ui/GameUIApp.svelte:273	-	-	presentation:client/src/game-ui/presentation.generated.json:12	balance/testdata/t0-t1/presentation-v1.json:12;balance/testdata/t0-t1/presentation-v2.json:12;balance/testdata/t0-t1/presentation-v3.json:12	Game UI/Desk	mounted_player_copy	static bounded path at 190a4fa; not a browser interaction-frequency claim
generator.nephew_intern.title	copy/catalog/game-ui-candidate.json	game-ui-candidate	-	diegetic	orphan	-	Desk generator binding@client/src/game-ui/GameUIApp.svelte:273	-	-	presentation:client/src/game-ui/presentation.generated.json:12	balance/testdata/t0-t1/presentation-v1.json:12;balance/testdata/t0-t1/presentation-v2.json:12;balance/testdata/t0-t1/presentation-v3.json:12	Game UI/Desk	mounted_player_copy	static bounded path at 190a4fa; not a browser interaction-frequency claim
incorporate.bootstrapper	copy/catalog/phase0.json	phase0	-	corporate	referenced	-	-	factions@balance/factions/phase0.json:12	-	-	balance/testdata/epoch5/factions.json:12	deploy-current factions	shipped_backend_or_data_only	current data/producer presence does not prove a mounted reader or visible rendering
incorporate.enterprise	copy/catalog/phase0.json	phase0	-	corporate	referenced	-	-	factions@balance/factions/phase0.json:36	-	-	balance/testdata/epoch5/factions.json:36	deploy-current factions	shipped_backend_or_data_only	current data/producer presence does not prove a mounted reader or visible rendering
incorporate.open_source	copy/catalog/phase0.json	phase0	-	corporate	referenced	-	-	factions@balance/factions/phase0.json:28	-	-	balance/testdata/epoch5/factions.json:28	deploy-current factions	shipped_backend_or_data_only	current data/producer presence does not prove a mounted reader or visible rendering
incorporate.vc_funded	copy/catalog/phase0.json	phase0	-	corporate	referenced	-	-	factions@balance/factions/phase0.json:20	-	-	balance/testdata/epoch5/factions.json:20	deploy-current factions	shipped_backend_or_data_only	current data/producer presence does not prove a mounted reader or visible rendering
manual.click.description	copy/catalog/game-ui-candidate.json	game-ui-candidate	-	diegetic	orphan	-	Desk manual binding@client/src/game-ui/GameUIApp.svelte:252	-	-	presentation:client/src/game-ui/presentation.generated.json:27	balance/testdata/t0-t1/presentation-v1.json:27;balance/testdata/t0-t1/presentation-v2.json:27;balance/testdata/t0-t1/presentation-v3.json:27	Game UI/Desk	mounted_player_copy	static bounded path at 190a4fa; not a browser interaction-frequency claim
manual.click.title	copy/catalog/game-ui-candidate.json	game-ui-candidate	-	diegetic	orphan	-	Desk manual binding@client/src/game-ui/GameUIApp.svelte:251	-	-	presentation:client/src/game-ui/presentation.generated.json:27	balance/testdata/t0-t1/presentation-v1.json:27;balance/testdata/t0-t1/presentation-v2.json:27;balance/testdata/t0-t1/presentation-v3.json:27	Game UI/Desk	mounted_player_copy	static bounded path at 190a4fa; not a browser interaction-frequency claim
pitch.card.api_call	copy/catalog/phase0.json	phase0	-	corporate	orphan	-	-	-	-	unregistered-current:pitch@balance/pitch.json:20	balance/testdata/pitch-v1.json:20	deploy-current pitch	shipped_backend_or_data_only	current data/producer presence does not prove a mounted reader or visible rendering
pitch.card.beta_invite	copy/catalog/phase0.json	phase0	-	corporate	orphan	-	-	-	-	unregistered-current:pitch@balance/pitch.json:21	balance/testdata/pitch-v1.json:21	deploy-current pitch	shipped_backend_or_data_only	current data/producer presence does not prove a mounted reader or visible rendering
pitch.card.cache_hit	copy/catalog/phase0.json	phase0	-	corporate	orphan	-	-	-	-	unregistered-current:pitch@balance/pitch.json:22	balance/testdata/pitch-v1.json:22	deploy-current pitch	shipped_backend_or_data_only	current data/producer presence does not prove a mounted reader or visible rendering
pitch.card.demo_day	copy/catalog/phase0.json	phase0	-	corporate	orphan	-	-	-	-	unregistered-current:pitch@balance/pitch.json:23	balance/testdata/pitch-v1.json:23	deploy-current pitch	shipped_backend_or_data_only	current data/producer presence does not prove a mounted reader or visible rendering
pitch.card.newsletter	copy/catalog/phase0.json	phase0	-	corporate	orphan	-	-	-	-	unregistered-current:pitch@balance/pitch.json:24	balance/testdata/pitch-v1.json:24	deploy-current pitch	shipped_backend_or_data_only	current data/producer presence does not prove a mounted reader or visible rendering
pitch.card.page_views	copy/catalog/phase0.json	phase0	-	corporate	orphan	-	-	-	-	unregistered-current:pitch@balance/pitch.json:25	balance/testdata/pitch-v1.json:25	deploy-current pitch	shipped_backend_or_data_only	current data/producer presence does not prove a mounted reader or visible rendering
pitch.card.patch_release	copy/catalog/phase0.json	phase0	-	corporate	orphan	-	-	-	-	unregistered-current:pitch@balance/pitch.json:26	balance/testdata/pitch-v1.json:26	deploy-current pitch	shipped_backend_or_data_only	current data/producer presence does not prove a mounted reader or visible rendering
pitch.card.press_mention	copy/catalog/phase0.json	phase0	-	corporate	orphan	-	-	-	-	unregistered-current:pitch@balance/pitch.json:27	balance/testdata/pitch-v1.json:27	deploy-current pitch	shipped_backend_or_data_only	current data/producer presence does not prove a mounted reader or visible rendering
pitch.card.referral_loop	copy/catalog/phase0.json	phase0	-	corporate	orphan	-	-	-	-	unregistered-current:pitch@balance/pitch.json:28	balance/testdata/pitch-v1.json:28	deploy-current pitch	shipped_backend_or_data_only	current data/producer presence does not prove a mounted reader or visible rendering
pitch.card.testimonial	copy/catalog/phase0.json	phase0	-	corporate	orphan	-	-	-	-	unregistered-current:pitch@balance/pitch.json:29	balance/testdata/pitch-v1.json:29	deploy-current pitch	shipped_backend_or_data_only	current data/producer presence does not prove a mounted reader or visible rendering
pitch.card.uptime_nines	copy/catalog/phase0.json	phase0	-	corporate	orphan	-	-	-	-	unregistered-current:pitch@balance/pitch.json:30	balance/testdata/pitch-v1.json:30	deploy-current pitch	shipped_backend_or_data_only	current data/producer presence does not prove a mounted reader or visible rendering
pitch.card.users_signup	copy/catalog/phase0.json	phase0	-	corporate	orphan	-	-	-	-	unregistered-current:pitch@balance/pitch.json:31	balance/testdata/pitch-v1.json:31	deploy-current pitch	shipped_backend_or_data_only	current data/producer presence does not prove a mounted reader or visible rendering
pitch.hack.ab_test	copy/catalog/phase0.json	phase0	-	corporate	orphan	-	-	-	-	unregistered-current:pitch@balance/pitch.json:34	balance/testdata/pitch-v1.json:34	deploy-current pitch	shipped_backend_or_data_only	current data/producer presence does not prove a mounted reader or visible rendering
pitch.hack.buzzword	copy/catalog/phase0.json	phase0	-	corporate	orphan	-	-	-	-	unregistered-current:pitch@balance/pitch.json:35	balance/testdata/pitch-v1.json:35	deploy-current pitch	shipped_backend_or_data_only	current data/producer presence does not prove a mounted reader or visible rendering
pitch.hack.dark_pattern	copy/catalog/phase0.json	phase0	-	corporate	orphan	-	-	-	-	unregistered-current:pitch@balance/pitch.json:36	balance/testdata/pitch-v1.json:36	deploy-current pitch	shipped_backend_or_data_only	current data/producer presence does not prove a mounted reader or visible rendering
pitch.hack.growth_loop	copy/catalog/phase0.json	phase0	-	corporate	orphan	-	-	-	-	unregistered-current:pitch@balance/pitch.json:37	balance/testdata/pitch-v1.json:37	deploy-current pitch	shipped_backend_or_data_only	current data/producer presence does not prove a mounted reader or visible rendering
pitch.hack.infinite_scroll	copy/catalog/phase0.json	phase0	-	corporate	orphan	-	-	-	-	unregistered-current:pitch@balance/pitch.json:38	balance/testdata/pitch-v1.json:38	deploy-current pitch	shipped_backend_or_data_only	current data/producer presence does not prove a mounted reader or visible rendering
pitch.hack.pivot	copy/catalog/phase0.json	phase0	-	corporate	orphan	-	-	-	-	unregistered-current:pitch@balance/pitch.json:39	balance/testdata/pitch-v1.json:39	deploy-current pitch	shipped_backend_or_data_only	current data/producer presence does not prove a mounted reader or visible rendering
pitch.hack.stealth_mode	copy/catalog/phase0.json	phase0	-	corporate	orphan	-	-	-	-	unregistered-current:pitch@balance/pitch.json:40	balance/testdata/pitch-v1.json:40	deploy-current pitch	shipped_backend_or_data_only	current data/producer presence does not prove a mounted reader or visible rendering
pitch.hack.synergy_deck	copy/catalog/phase0.json	phase0	-	corporate	orphan	-	-	-	-	unregistered-current:pitch@balance/pitch.json:41	balance/testdata/pitch-v1.json:41	deploy-current pitch	shipped_backend_or_data_only	current data/producer presence does not prove a mounted reader or visible rendering
resource.company_cash.cap.phase0	copy/catalog/phase0.json	phase0	-	diegetic	referenced	-	Desk Amount resource-cap DTO@client/src/game-ui/GameUIApp.svelte:188;client/src/ui/Amount.svelte:31	economy@balance/catalogs/phase0.json:10	-	-	balance/testdata/epoch5/economy.json:12;balance/testdata/first-content/economy-v3.json:12;balance/testdata/t0-t1/economy-v4.json:10;balance/testdata/valid/permits-economy-candidate-v1.json:12;client/test/game-ui-screens-browser.test.ts:23;client/test/game-ui.test.ts:21;client/test/game-ui.test.ts:43;client/test/shell-browser.test.ts:11;client/test/shell-browser.test.ts:50;client/test/shell-browser.test.ts:52;client/test/shell-browser.test.ts:93;server/account/minigame_api_schema_test.go:76;server/gameui/projector_test.go:71	Game UI/Desk	mounted_player_copy	static bounded path at 190a4fa; not a browser interaction-frequency claim
resource.company_permits.cap.phase0	copy/catalog/permits-candidate.json	permits-candidate	-	corporate	referenced	-	Desk Amount resource-cap DTO@client/src/game-ui/GameUIApp.svelte:188;client/src/ui/Amount.svelte:31	economy@balance/catalogs/phase0.json:18	-	-	balance/testdata/first-content/economy-v3.json:23;balance/testdata/t0-t1/economy-v4.json:18;balance/testdata/valid/permits-economy-candidate-v1.json:23;client/test/permits-candidate.test.ts:22;server/production/permits_candidate_test.go:109;server/production/permits_candidate_test.go:33	Game UI/Desk	mounted_player_copy	static bounded path at 190a4fa; not a browser interaction-frequency claim
route.registry_first_reordered	copy/catalog/phase0.json	phase0	-	corporate	referenced	-	-	-	compensateRegistryGrant@server/routeprojection/projector.go:247	-	-	backend event/receipt only	shipped_backend_or_data_only	current data/producer presence does not prove a mounted reader or visible rendering
satire.order_form.confirmation	copy/catalog/game-ui-candidate.json	game-ui-candidate	founder:string,price:string	diegetic	orphan	client/src/game-ui/GameUIApp.svelte:307	-	-	-	-	-	Vision/Desk satire	mounted_player_copy	static bounded path at 190a4fa; not a browser interaction-frequency claim
satire.order_form.heading	copy/catalog/game-ui-candidate.json	game-ui-candidate	-	diegetic	orphan	client/src/game-ui/GameUIApp.svelte:301	-	-	-	-	-	Vision/Desk satire	mounted_player_copy	static bounded path at 190a4fa; not a browser interaction-frequency claim
satire.order_form.item_full_version	copy/catalog/game-ui-candidate.json	game-ui-candidate	price:string	diegetic	orphan	client/src/game-ui/GameUIApp.svelte:302	-	-	-	-	-	Vision/Desk satire	mounted_player_copy	static bounded path at 190a4fa; not a browser interaction-frequency claim
satire.order_form.item_shipping	copy/catalog/game-ui-candidate.json	game-ui-candidate	price:string	diegetic	orphan	client/src/game-ui/GameUIApp.svelte:303	-	-	-	-	-	Vision/Desk satire	mounted_player_copy	static bounded path at 190a4fa; not a browser interaction-frequency claim
satire.order_form.item_site_license	copy/catalog/game-ui-candidate.json	game-ui-candidate	price:string	diegetic	orphan	client/src/game-ui/GameUIApp.svelte:304	-	-	-	-	-	Vision/Desk satire	mounted_player_copy	static bounded path at 190a4fa; not a browser interaction-frequency claim
satire.order_form.place_order	copy/catalog/game-ui-candidate.json	game-ui-candidate	-	diegetic	orphan	client/src/game-ui/GameUIApp.svelte:306	-	-	-	-	-	Vision/Desk satire	mounted_player_copy	static bounded path at 190a4fa; not a browser interaction-frequency claim
satire.order_form.small_print	copy/catalog/game-ui-candidate.json	game-ui-candidate	-	diegetic	orphan	client/src/game-ui/GameUIApp.svelte:308	-	-	-	-	-	Vision/Desk satire	mounted_player_copy	static bounded path at 190a4fa; not a browser interaction-frequency claim
satire.order_form.total	copy/catalog/game-ui-candidate.json	game-ui-candidate	price:string	diegetic	orphan	client/src/game-ui/GameUIApp.svelte:305	-	-	-	-	-	Vision/Desk satire	mounted_player_copy	static bounded path at 190a4fa; not a browser interaction-frequency claim
satire.order_form.window_title	copy/catalog/game-ui-candidate.json	game-ui-candidate	-	diegetic	orphan	client/src/game-ui/GameUIApp.svelte:300	-	-	-	-	-	Vision/Desk satire	mounted_player_copy	static bounded path at 190a4fa; not a browser interaction-frequency claim
satire.readme.body	copy/catalog/game-ui-candidate.json	game-ui-candidate	-	diegetic	orphan	client/src/game-ui/GameUIApp.svelte:311	-	-	-	-	-	Vision/Desk satire	mounted_player_copy	static bounded path at 190a4fa; not a browser interaction-frequency claim
satire.readme.window_title	copy/catalog/game-ui-candidate.json	game-ui-candidate	-	diegetic	orphan	client/src/game-ui/GameUIApp.svelte:311	-	-	-	-	-	Vision/Desk satire	mounted_player_copy	static bounded path at 190a4fa; not a browser interaction-frequency claim
satire.unregistered.titlebar_frame	copy/catalog/game-ui-candidate.json	game-ui-candidate	day:integer	diegetic	orphan	client/src/game-ui/GameUIApp.svelte:298	-	-	-	-	-	Vision/Desk satire	mounted_player_copy	static bounded path at 190a4fa; not a browser interaction-frequency claim
satire.unregistered.tooltip	copy/catalog/game-ui-candidate.json	game-ui-candidate	-	diegetic	orphan	client/src/game-ui/GameUIApp.svelte:298	-	-	-	-	-	Vision/Desk satire	mounted_player_copy	static bounded path at 190a4fa; not a browser interaction-frequency claim
screen.offer_sheet.accept	copy/catalog/game-ui-candidate.json	game-ui-candidate	-	corporate	orphan	client/src/game-ui/GameUIApp.svelte:319	-	-	-	-	-	Offer Sheet	mounted_player_copy	static bounded path at 190a4fa; not a browser interaction-frequency claim
screen.offer_sheet.countdown_frame	copy/catalog/game-ui-candidate.json	game-ui-candidate	remaining:string	corporate	orphan	client/src/game-ui/GameUIApp.svelte:318	-	-	-	-	-	Offer Sheet	mounted_player_copy	static bounded path at 190a4fa; not a browser interaction-frequency claim
screen.offer_sheet.countdown_tooltip	copy/catalog/game-ui-candidate.json	game-ui-candidate	-	diegetic	orphan	client/src/game-ui/GameUIApp.svelte:318	-	-	-	-	-	Offer Sheet	mounted_player_copy	static bounded path at 190a4fa; not a browser interaction-frequency claim
screen.offer_sheet.decline	copy/catalog/game-ui-candidate.json	game-ui-candidate	-	corporate	orphan	client/src/game-ui/GameUIApp.svelte:320	-	-	-	-	-	Offer Sheet	mounted_player_copy	static bounded path at 190a4fa; not a browser interaction-frequency claim
screen.offer_sheet.heading	copy/catalog/game-ui-candidate.json	game-ui-candidate	-	corporate	orphan	client/src/game-ui/GameUIApp.svelte:315	-	-	-	-	-	Offer Sheet	mounted_player_copy	static bounded path at 190a4fa; not a browser interaction-frequency claim
screen.offer_sheet.preamble	copy/catalog/game-ui-candidate.json	game-ui-candidate	-	diegetic	orphan	client/src/game-ui/GameUIApp.svelte:315	-	-	-	-	-	Offer Sheet	mounted_player_copy	static bounded path at 190a4fa; not a browser interaction-frequency claim
screen.offer_sheet.terms_label	copy/catalog/game-ui-candidate.json	game-ui-candidate	-	corporate	orphan	client/src/game-ui/GameUIApp.svelte:315	-	-	-	-	-	Offer Sheet	mounted_player_copy	static bounded path at 190a4fa; not a browser interaction-frequency claim
screen.run_end.attended_frame	copy/catalog/game-ui-candidate.json	game-ui-candidate	attended:string	diegetic	orphan	client/src/game-ui/RunEndSurface.svelte:49	-	-	-	-	-	Run End	mounted_player_copy	static bounded path at 190a4fa; not a browser interaction-frequency claim
screen.run_end.delta_heading	copy/catalog/game-ui-candidate.json	game-ui-candidate	run_seq:integer	corporate	orphan	client/src/game-ui/RunEndSurface.svelte:56	-	-	-	-	-	Run End	mounted_player_copy	static bounded path at 190a4fa; not a browser interaction-frequency claim
screen.run_end.exit_frame	copy/catalog/game-ui-candidate.json	game-ui-candidate	exit_type:string,tier:integer	corporate	orphan	client/src/game-ui/RunEndSurface.svelte:48	-	-	-	-	-	Run End	mounted_player_copy	static bounded path at 190a4fa; not a browser interaction-frequency claim
screen.run_end.founder_note	copy/catalog/game-ui-candidate.json	game-ui-candidate	-	diegetic	orphan	client/src/game-ui/RunEndSurface.svelte:54	-	-	-	-	-	Run End	mounted_player_copy	static bounded path at 190a4fa; not a browser interaction-frequency claim
screen.run_end.new_route	copy/catalog/game-ui-candidate.json	game-ui-candidate	-	corporate	orphan	-	-	-	-	-	-	none discovered	unreferenced_candidate	no bounded exact reference found; deletion still requires successor diff review and dynamic-grammar guard
screen.run_end.standard.title	copy/catalog/game-ui-candidate.json	game-ui-candidate	-	corporate	orphan	client/src/game-ui/RunEndSurface.svelte:47	-	-	-	-	-	Run End	mounted_player_copy	static bounded path at 190a4fa; not a browser interaction-frequency claim
screen.vision_slide.begin_attempt	copy/catalog/game-ui-candidate.json	game-ui-candidate	-	corporate	orphan	client/src/game-ui/GameUIApp.svelte:242	-	-	-	-	-	Vision/Desk satire	mounted_player_copy	static bounded path at 190a4fa; not a browser interaction-frequency claim
screen.vision_slide.connecting	copy/catalog/game-ui-candidate.json	game-ui-candidate	-	diegetic	orphan	client/src/game-ui/GameUIApp.svelte:242	-	-	-	-	-	Vision/Desk satire	mounted_player_copy	static bounded path at 190a4fa; not a browser interaction-frequency claim
screen.vision_slide.contract_category	copy/catalog/game-ui-candidate.json	game-ui-candidate	-	corporate	orphan	client/src/game-ui/GameUIApp.svelte:240	-	-	-	-	-	Vision/Desk satire	mounted_player_copy	static bounded path at 190a4fa; not a browser interaction-frequency claim
screen.vision_slide.contract_title	copy/catalog/game-ui-candidate.json	game-ui-candidate	-	corporate	orphan	client/src/game-ui/GameUIApp.svelte:239	-	-	-	-	-	Vision/Desk satire	mounted_player_copy	static bounded path at 190a4fa; not a browser interaction-frequency claim
screen.vision_slide.offline_fallback	copy/catalog/game-ui-candidate.json	game-ui-candidate	-	diegetic	orphan	client/src/game-ui/GameUIApp.svelte:243	-	-	-	-	-	Vision/Desk satire	mounted_player_copy	static bounded path at 190a4fa; not a browser interaction-frequency claim
screen.vision_slide.retry	copy/catalog/game-ui-candidate.json	game-ui-candidate	-	corporate	orphan	client/src/game-ui/GameUIApp.svelte:243	-	-	-	-	-	Vision/Desk satire	mounted_player_copy	static bounded path at 190a4fa; not a browser interaction-frequency claim
screen.vision_slide.skip	copy/catalog/game-ui-candidate.json	game-ui-candidate	-	corporate	orphan	-	-	-	-	-	-	none discovered	unreferenced_candidate	no bounded exact reference found; deletion still requires successor diff review and dynamic-grammar guard
screen.vision_slide.slide_body	copy/catalog/game-ui-candidate.json	game-ui-candidate	-	corporate	orphan	client/src/game-ui/GameUIApp.svelte:235	-	-	-	-	-	Vision/Desk satire	mounted_player_copy	static bounded path at 190a4fa; not a browser interaction-frequency claim
screen.vision_slide.slide_footnote	copy/catalog/game-ui-candidate.json	game-ui-candidate	-	corporate	orphan	client/src/game-ui/GameUIApp.svelte:236	-	-	-	-	-	Vision/Desk satire	mounted_player_copy	static bounded path at 190a4fa; not a browser interaction-frequency claim
screen.vision_slide.slide_heading	copy/catalog/game-ui-candidate.json	game-ui-candidate	-	corporate	orphan	client/src/game-ui/GameUIApp.svelte:234	-	-	-	-	-	Vision/Desk satire	mounted_player_copy	static bounded path at 190a4fa; not a browser interaction-frequency claim
screen.vision_slide.small_print	copy/catalog/game-ui-candidate.json	game-ui-candidate	-	diegetic	orphan	client/src/game-ui/GameUIApp.svelte:244	-	-	-	-	-	Vision/Desk satire	mounted_player_copy	static bounded path at 190a4fa; not a browser interaction-frequency claim
screen.vision_slide.timer_frame	copy/catalog/game-ui-candidate.json	game-ui-candidate	pb:string,rta:string	corporate	orphan	client/src/game-ui/GameUIApp.svelte:213;client/src/game-ui/GameUIApp.svelte:241	-	-	-	-	-	Vision/Desk satire	mounted_player_copy	static bounded path at 190a4fa; not a browser interaction-frequency claim
settings.account_note	copy/catalog/game-ui-candidate.json	game-ui-candidate	-	diegetic	orphan	client/src/game-ui/GameUIApp.svelte:325	-	-	-	-	-	Settings	mounted_player_copy	static bounded path at 190a4fa; not a browser interaction-frequency claim
settings.save_status.offline	copy/catalog/game-ui-candidate.json	game-ui-candidate	-	diegetic	orphan	client/src/game-ui/GameUIApp.svelte:325	-	-	-	-	-	Settings	mounted_player_copy	static bounded path at 190a4fa; not a browser interaction-frequency claim
settings.save_status.saved_frame	copy/catalog/game-ui-candidate.json	game-ui-candidate	ago:string	diegetic	orphan	client/src/game-ui/GameUIApp.svelte:325	-	-	-	-	-	Settings	mounted_player_copy	static bounded path at 190a4fa; not a browser interaction-frequency claim
settings.save_status.saving	copy/catalog/game-ui-candidate.json	game-ui-candidate	-	corporate	orphan	client/src/game-ui/GameUIApp.svelte:325	-	-	-	-	-	Settings	mounted_player_copy	static bounded path at 190a4fa; not a browser interaction-frequency claim
soul.recovery.defrag.description	copy/catalog/phase0.json	phase0	-	diegetic	orphan	-	-	-	-	unregistered-current:soul@balance/soul/first-content.json:18	balance/testdata/first-content/soul-v1.json:18;client/test/soul-catalog.test.ts:16;client/test/soul-catalog.test.ts:6;server/production/soul_recovery_integration_test.go:49;server/soul/catalog_test.go:25;server/soul/catalog_test.go:39	deploy-current soul	shipped_backend_or_data_only	current data/producer presence does not prove a mounted reader or visible rendering
soul.recovery.defrag.disclosure	copy/catalog/phase0.json	phase0	-	diegetic	orphan	-	-	-	-	unregistered-current:soul@balance/soul/first-content.json:18	balance/testdata/first-content/soul-v1.json:18;client/test/soul-catalog.test.ts:16;client/test/soul-catalog.test.ts:6;server/production/soul_recovery_integration_test.go:50;server/soul/catalog_test.go:26;server/soul/catalog_test.go:39	deploy-current soul	shipped_backend_or_data_only	current data/producer presence does not prove a mounted reader or visible rendering
soul.recovery.defrag.reason	copy/catalog/phase0.json	phase0	-	diegetic	orphan	-	-	-	-	unregistered-current:soul@balance/soul/first-content.json:18	balance/testdata/first-content/soul-v1.json:18;client/test/soul-catalog.test.ts:15;client/test/soul-catalog.test.ts:6;server/production/soul_recovery_integration_test.go:48;server/soul/catalog_test.go:24;server/soul/catalog_test.go:39	deploy-current soul	shipped_backend_or_data_only	current data/producer presence does not prove a mounted reader or visible rendering
soul.recovery.defrag.title	copy/catalog/phase0.json	phase0	-	diegetic	orphan	-	-	-	-	unregistered-current:soul@balance/soul/first-content.json:18	balance/testdata/first-content/soul-v1.json:18;client/test/soul-catalog.test.ts:15;client/test/soul-catalog.test.ts:6;server/production/soul_recovery_integration_test.go:49;server/soul/catalog_test.go:25;server/soul/catalog_test.go:39	deploy-current soul	shipped_backend_or_data_only	current data/producer presence does not prove a mounted reader or visible rendering
soul.recovery.repot.description	copy/catalog/phase0.json	phase0	-	diegetic	orphan	-	-	-	-	unregistered-current:soul@balance/soul/first-content.json:19	balance/testdata/first-content/soul-v1.json:19	deploy-current soul	shipped_backend_or_data_only	current data/producer presence does not prove a mounted reader or visible rendering
soul.recovery.repot.disclosure	copy/catalog/phase0.json	phase0	-	diegetic	orphan	-	-	-	-	unregistered-current:soul@balance/soul/first-content.json:19	balance/testdata/first-content/soul-v1.json:19	deploy-current soul	shipped_backend_or_data_only	current data/producer presence does not prove a mounted reader or visible rendering
soul.recovery.repot.reason	copy/catalog/phase0.json	phase0	-	diegetic	orphan	-	-	-	-	unregistered-current:soul@balance/soul/first-content.json:19	balance/testdata/first-content/soul-v1.json:19	deploy-current soul	shipped_backend_or_data_only	current data/producer presence does not prove a mounted reader or visible rendering
soul.recovery.repot.title	copy/catalog/phase0.json	phase0	-	diegetic	orphan	-	-	-	-	unregistered-current:soul@balance/soul/first-content.json:19	balance/testdata/first-content/soul-v1.json:19	deploy-current soul	shipped_backend_or_data_only	current data/producer presence does not prove a mounted reader or visible rendering
soul.recovery.server_room.description	copy/catalog/phase0.json	phase0	-	diegetic	orphan	-	-	-	-	unregistered-current:soul@balance/soul/first-content.json:20	balance/testdata/first-content/soul-v1.json:20	deploy-current soul	shipped_backend_or_data_only	current data/producer presence does not prove a mounted reader or visible rendering
soul.recovery.server_room.disclosure	copy/catalog/phase0.json	phase0	-	diegetic	orphan	-	-	-	-	unregistered-current:soul@balance/soul/first-content.json:20	balance/testdata/first-content/soul-v1.json:20	deploy-current soul	shipped_backend_or_data_only	current data/producer presence does not prove a mounted reader or visible rendering
soul.recovery.server_room.reason	copy/catalog/phase0.json	phase0	-	diegetic	orphan	-	-	-	-	unregistered-current:soul@balance/soul/first-content.json:20	balance/testdata/first-content/soul-v1.json:20	deploy-current soul	shipped_backend_or_data_only	current data/producer presence does not prove a mounted reader or visible rendering
soul.recovery.server_room.title	copy/catalog/phase0.json	phase0	-	diegetic	orphan	-	-	-	-	unregistered-current:soul@balance/soul/first-content.json:20	balance/testdata/first-content/soul-v1.json:20	deploy-current soul	shipped_backend_or_data_only	current data/producer presence does not prove a mounted reader or visible rendering
surface.desk.title	copy/catalog/game-ui-candidate.json	game-ui-candidate	-	diegetic	orphan	client/src/game-ui/GameUIApp.svelte:216;client/src/game-ui/GameUIApp.svelte:217;client/src/game-ui/GameUIApp.svelte:249	-	-	-	-	-	Game UI/Desk	mounted_player_copy	static bounded path at 190a4fa; not a browser interaction-frequency claim
surface.offer_sheet.title	copy/catalog/game-ui-candidate.json	game-ui-candidate	-	corporate	orphan	-	-	-	-	-	-	none discovered	unreferenced_candidate	no bounded exact reference found; deletion still requires successor diff review and dynamic-grammar guard
surface.run_end.title	copy/catalog/game-ui-candidate.json	game-ui-candidate	-	corporate	orphan	-	-	-	-	-	-	none discovered	unreferenced_candidate	no bounded exact reference found; deletion still requires successor diff review and dynamic-grammar guard
surface.settings.title	copy/catalog/game-ui-candidate.json	game-ui-candidate	-	corporate	orphan	client/src/game-ui/GameUIApp.svelte:218;client/src/game-ui/GameUIApp.svelte:325	-	-	-	-	-	Settings	mounted_player_copy	static bounded path at 190a4fa; not a browser interaction-frequency claim
system.drain_notice.body	copy/catalog/game-ui-candidate.json	game-ui-candidate	-	diegetic	orphan	client/src/game-ui/GameUIApp.svelte:225	-	-	-	-	-	Game UI/Desk	mounted_player_copy	static bounded path at 190a4fa; not a browser interaction-frequency claim
system.drain_notice.title	copy/catalog/game-ui-candidate.json	game-ui-candidate	-	diegetic	orphan	client/src/game-ui/GameUIApp.svelte:225	-	-	-	-	-	Game UI/Desk	mounted_player_copy	static bounded path at 190a4fa; not a browser interaction-frequency claim
system.offline_progress.frame	copy/catalog/game-ui-candidate.json	game-ui-candidate	amount:string	diegetic	orphan	-	-	-	-	-	-	none discovered	unreferenced_candidate	no bounded exact reference found; deletion still requires successor diff review and dynamic-grammar guard
system.offline_progress.tooltip	copy/catalog/game-ui-candidate.json	game-ui-candidate	cap_hours:integer,rate_percent:integer	diegetic	orphan	-	-	-	-	-	-	none discovered	unreferenced_candidate	no bounded exact reference found; deletion still requires successor diff review and dynamic-grammar guard
system.resync.body	copy/catalog/game-ui-candidate.json	game-ui-candidate	-	diegetic	orphan	client/src/game-ui/GameUIApp.svelte:228	-	-	-	-	-	Game UI/Desk	mounted_player_copy	static bounded path at 190a4fa; not a browser interaction-frequency claim
system.resync.continue	copy/catalog/game-ui-candidate.json	game-ui-candidate	-	corporate	orphan	client/src/game-ui/GameUIApp.svelte:228	-	-	-	-	-	Game UI/Desk	mounted_player_copy	static bounded path at 190a4fa; not a browser interaction-frequency claim
system.resync.title	copy/catalog/game-ui-candidate.json	game-ui-candidate	-	diegetic	orphan	client/src/game-ui/GameUIApp.svelte:228	-	-	-	-	-	Game UI/Desk	mounted_player_copy	static bounded path at 190a4fa; not a browser interaction-frequency claim
terms.clout_reach_note.text	copy/catalog/game-ui-candidate.json	game-ui-candidate	-	diegetic	orphan	-	Offer/Run End terms binding@client/src/game-ui/prestige-terms.ts:13	-	-	presentation:client/src/game-ui/presentation.generated.json:50	balance/testdata/t0-t1/presentation-v3.json:50	Run End	mounted_player_copy	static bounded path at 190a4fa; not a browser interaction-frequency claim
terms.network_slot_unlock.frame	copy/catalog/game-ui-candidate.json	game-ui-candidate	title:string	diegetic	orphan	client/src/game-ui/prestige-terms.ts:16	-	-	-	-	-	Offer/Run End terms	shipped_unmounted_surface_copy	reachable literal is guarded by an empty presentation network-slot map and current terms produce no slots
terms.reputation_delta.frame	copy/catalog/game-ui-candidate.json	game-ui-candidate	delta:string	diegetic	orphan	client/src/game-ui/prestige-terms.ts:18	-	-	-	-	-	Offer/Run End terms	mounted_player_copy	static bounded path at 190a4fa; not a browser interaction-frequency claim
terms.route_knowledge.frame	copy/catalog/game-ui-candidate.json	game-ui-candidate	delta:integer	diegetic	orphan	client/src/game-ui/prestige-terms.ts:19	-	-	-	-	-	Offer/Run End terms	mounted_player_copy	static bounded path at 190a4fa; not a browser interaction-frequency claim
upgrade.beige_tower_cache.description	copy/catalog/game-ui-candidate.json	game-ui-candidate	-	diegetic	referenced	-	Desk upgrade binding@client/src/game-ui/GameUIApp.svelte:287	economy@balance/catalogs/phase0.json:159	-	presentation:client/src/game-ui/presentation.generated.json:15	balance/testdata/t0-t1/presentation-v1.json:15;balance/testdata/t0-t1/presentation-v2.json:15;balance/testdata/t0-t1/presentation-v3.json:15	Game UI/Desk	mounted_player_copy	static bounded path at 190a4fa; not a browser interaction-frequency claim
upgrade.beige_tower_cache.title	copy/catalog/game-ui-candidate.json	game-ui-candidate	-	diegetic	referenced	-	Desk upgrade binding@client/src/game-ui/GameUIApp.svelte:287	economy@balance/catalogs/phase0.json:159	-	presentation:client/src/game-ui/presentation.generated.json:15	balance/testdata/t0-t1/presentation-v1.json:15;balance/testdata/t0-t1/presentation-v2.json:15;balance/testdata/t0-t1/presentation-v3.json:15	Game UI/Desk	mounted_player_copy	static bounded path at 190a4fa; not a browser interaction-frequency claim
upgrade.continuous_feed_paper.description	copy/catalog/game-ui-candidate.json	game-ui-candidate	-	diegetic	referenced	-	Desk upgrade binding@client/src/game-ui/GameUIApp.svelte:287	economy@balance/catalogs/phase0.json:168	-	presentation:client/src/game-ui/presentation.generated.json:16	balance/testdata/t0-t1/presentation-v1.json:16;balance/testdata/t0-t1/presentation-v2.json:16;balance/testdata/t0-t1/presentation-v3.json:16	Game UI/Desk	mounted_player_copy	static bounded path at 190a4fa; not a browser interaction-frequency claim
upgrade.continuous_feed_paper.title	copy/catalog/game-ui-candidate.json	game-ui-candidate	-	diegetic	referenced	-	Desk upgrade binding@client/src/game-ui/GameUIApp.svelte:287	economy@balance/catalogs/phase0.json:168	-	presentation:client/src/game-ui/presentation.generated.json:16	balance/testdata/t0-t1/presentation-v1.json:16;balance/testdata/t0-t1/presentation-v2.json:16;balance/testdata/t0-t1/presentation-v3.json:16	Game UI/Desk	mounted_player_copy	static bounded path at 190a4fa; not a browser interaction-frequency claim
upgrade.crt_degauss_button.description	copy/catalog/game-ui-candidate.json	game-ui-candidate	-	diegetic	referenced	-	Desk upgrade binding@client/src/game-ui/GameUIApp.svelte:287	economy@balance/catalogs/phase0.json:204	-	presentation:client/src/game-ui/presentation.generated.json:17	balance/testdata/t0-t1/presentation-v1.json:17;balance/testdata/t0-t1/presentation-v2.json:17;balance/testdata/t0-t1/presentation-v3.json:17	Game UI/Desk	mounted_player_copy	static bounded path at 190a4fa; not a browser interaction-frequency claim
upgrade.crt_degauss_button.title	copy/catalog/game-ui-candidate.json	game-ui-candidate	-	diegetic	referenced	-	Desk upgrade binding@client/src/game-ui/GameUIApp.svelte:287	economy@balance/catalogs/phase0.json:204	-	presentation:client/src/game-ui/presentation.generated.json:17	balance/testdata/t0-t1/presentation-v1.json:17;balance/testdata/t0-t1/presentation-v2.json:17;balance/testdata/t0-t1/presentation-v3.json:17	Game UI/Desk	mounted_player_copy	static bounded path at 190a4fa; not a browser interaction-frequency claim
upgrade.employee_handbook_v0.description	copy/catalog/game-ui-candidate.json	game-ui-candidate	-	diegetic	referenced	-	Desk upgrade binding@client/src/game-ui/GameUIApp.svelte:287	economy@balance/catalogs/phase0.json:213	-	presentation:client/src/game-ui/presentation.generated.json:18	balance/testdata/t0-t1/presentation-v1.json:18;balance/testdata/t0-t1/presentation-v2.json:18;balance/testdata/t0-t1/presentation-v3.json:18	Game UI/Desk	mounted_player_copy	static bounded path at 190a4fa; not a browser interaction-frequency claim
upgrade.employee_handbook_v0.title	copy/catalog/game-ui-candidate.json	game-ui-candidate	-	diegetic	referenced	-	Desk upgrade binding@client/src/game-ui/GameUIApp.svelte:287	economy@balance/catalogs/phase0.json:213	-	presentation:client/src/game-ui/presentation.generated.json:18	balance/testdata/t0-t1/presentation-v1.json:18;balance/testdata/t0-t1/presentation-v2.json:18;balance/testdata/t0-t1/presentation-v3.json:18	Game UI/Desk	mounted_player_copy	static bounded path at 190a4fa; not a browser interaction-frequency claim
upgrade.hold_music_license.description	copy/catalog/game-ui-candidate.json	game-ui-candidate	-	diegetic	referenced	-	Desk upgrade binding@client/src/game-ui/GameUIApp.svelte:287	economy@balance/catalogs/phase0.json:177	-	presentation:client/src/game-ui/presentation.generated.json:19	balance/testdata/t0-t1/presentation-v1.json:19;balance/testdata/t0-t1/presentation-v2.json:19;balance/testdata/t0-t1/presentation-v3.json:19	Game UI/Desk	mounted_player_copy	static bounded path at 190a4fa; not a browser interaction-frequency claim
upgrade.hold_music_license.title	copy/catalog/game-ui-candidate.json	game-ui-candidate	-	diegetic	referenced	-	Desk upgrade binding@client/src/game-ui/GameUIApp.svelte:287	economy@balance/catalogs/phase0.json:177	-	presentation:client/src/game-ui/presentation.generated.json:19	balance/testdata/t0-t1/presentation-v1.json:19;balance/testdata/t0-t1/presentation-v2.json:19;balance/testdata/t0-t1/presentation-v3.json:19	Game UI/Desk	mounted_player_copy	static bounded path at 190a4fa; not a browser interaction-frequency claim
upgrade.institutional_memory.description	copy/catalog/game-ui-candidate.json	game-ui-candidate	-	diegetic	referenced	-	Desk upgrade binding@client/src/game-ui/GameUIApp.svelte:287	economy@balance/catalogs/phase0.json:231	-	presentation:client/src/game-ui/presentation.generated.json:20	balance/testdata/t0-t1/presentation-v1.json:20;balance/testdata/t0-t1/presentation-v2.json:20;balance/testdata/t0-t1/presentation-v3.json:20	Game UI/Desk	mounted_player_copy	static bounded path at 190a4fa; not a browser interaction-frequency claim
upgrade.institutional_memory.title	copy/catalog/game-ui-candidate.json	game-ui-candidate	-	diegetic	referenced	-	Desk upgrade binding@client/src/game-ui/GameUIApp.svelte:287	economy@balance/catalogs/phase0.json:231	-	presentation:client/src/game-ui/presentation.generated.json:20	balance/testdata/t0-t1/presentation-v1.json:20;balance/testdata/t0-t1/presentation-v2.json:20;balance/testdata/t0-t1/presentation-v3.json:20	Game UI/Desk	mounted_player_copy	static bounded path at 190a4fa; not a browser interaction-frequency claim
upgrade.nephew_business_cards.description	copy/catalog/game-ui-candidate.json	game-ui-candidate	-	diegetic	referenced	-	Desk upgrade binding@client/src/game-ui/GameUIApp.svelte:287	economy@balance/catalogs/phase0.json:186	-	presentation:client/src/game-ui/presentation.generated.json:21	balance/testdata/t0-t1/presentation-v1.json:21;balance/testdata/t0-t1/presentation-v2.json:21;balance/testdata/t0-t1/presentation-v3.json:21	Game UI/Desk	mounted_player_copy	static bounded path at 190a4fa; not a browser interaction-frequency claim
upgrade.nephew_business_cards.title	copy/catalog/game-ui-candidate.json	game-ui-candidate	-	diegetic	referenced	-	Desk upgrade binding@client/src/game-ui/GameUIApp.svelte:287	economy@balance/catalogs/phase0.json:186	-	presentation:client/src/game-ui/presentation.generated.json:21	balance/testdata/t0-t1/presentation-v1.json:21;balance/testdata/t0-t1/presentation-v2.json:21;balance/testdata/t0-t1/presentation-v3.json:21	Game UI/Desk	mounted_player_copy	static bounded path at 190a4fa; not a browser interaction-frequency claim
upgrade.rack_rail_standardization.description	copy/catalog/game-ui-candidate.json	game-ui-candidate	-	diegetic	referenced	-	Desk upgrade binding@client/src/game-ui/GameUIApp.svelte:287	economy@balance/catalogs/phase0.json:195	-	presentation:client/src/game-ui/presentation.generated.json:22	balance/testdata/t0-t1/presentation-v1.json:22;balance/testdata/t0-t1/presentation-v2.json:22;balance/testdata/t0-t1/presentation-v3.json:22	Game UI/Desk	mounted_player_copy	static bounded path at 190a4fa; not a browser interaction-frequency claim
upgrade.rack_rail_standardization.title	copy/catalog/game-ui-candidate.json	game-ui-candidate	-	diegetic	referenced	-	Desk upgrade binding@client/src/game-ui/GameUIApp.svelte:287	economy@balance/catalogs/phase0.json:195	-	presentation:client/src/game-ui/presentation.generated.json:22	balance/testdata/t0-t1/presentation-v1.json:22;balance/testdata/t0-t1/presentation-v2.json:22;balance/testdata/t0-t1/presentation-v3.json:22	Game UI/Desk	mounted_player_copy	static bounded path at 190a4fa; not a browser interaction-frequency claim
upgrade.refurbished_sticker.description	copy/catalog/game-ui-candidate.json	game-ui-candidate	-	diegetic	referenced	-	Desk upgrade binding@client/src/game-ui/GameUIApp.svelte:287	economy@balance/catalogs/phase0.json:222	-	presentation:client/src/game-ui/presentation.generated.json:23	balance/testdata/t0-t1/presentation-v1.json:23;balance/testdata/t0-t1/presentation-v2.json:23;balance/testdata/t0-t1/presentation-v3.json:23	Game UI/Desk	mounted_player_copy	static bounded path at 190a4fa; not a browser interaction-frequency claim
upgrade.refurbished_sticker.title	copy/catalog/game-ui-candidate.json	game-ui-candidate	-	diegetic	referenced	-	Desk upgrade binding@client/src/game-ui/GameUIApp.svelte:287	economy@balance/catalogs/phase0.json:222	-	presentation:client/src/game-ui/presentation.generated.json:23	balance/testdata/t0-t1/presentation-v1.json:23;balance/testdata/t0-t1/presentation-v2.json:23;balance/testdata/t0-t1/presentation-v3.json:23	Game UI/Desk	mounted_player_copy	static bounded path at 190a4fa; not a browser interaction-frequency claim
upgrade.reply_all_macro.description	copy/catalog/game-ui-candidate.json	game-ui-candidate	-	diegetic	referenced	-	Desk upgrade binding@client/src/game-ui/GameUIApp.svelte:287	economy@balance/catalogs/phase0.json:150	-	presentation:client/src/game-ui/presentation.generated.json:24	balance/testdata/t0-t1/presentation-v1.json:24;balance/testdata/t0-t1/presentation-v2.json:24;balance/testdata/t0-t1/presentation-v3.json:24	Game UI/Desk	mounted_player_copy	static bounded path at 190a4fa; not a browser interaction-frequency claim
upgrade.reply_all_macro.title	copy/catalog/game-ui-candidate.json	game-ui-candidate	-	diegetic	referenced	-	Desk upgrade binding@client/src/game-ui/GameUIApp.svelte:287	economy@balance/catalogs/phase0.json:150	-	presentation:client/src/game-ui/presentation.generated.json:24	balance/testdata/t0-t1/presentation-v1.json:24;balance/testdata/t0-t1/presentation-v2.json:24;balance/testdata/t0-t1/presentation-v3.json:24	Game UI/Desk	mounted_player_copy	static bounded path at 190a4fa; not a browser interaction-frequency claim
